Order,Scientific_Name,Common_Name,Taxon,Frequency
Lepidoptera,Aporophyla_nigra ,Black rustic ,Species ,3
Lepidoptera,Xestia_xanthographa ,Square spot rustic ,Species ,3
Lepidoptera,Geometridae,Larval geometrid,Species ,1
Diptera,Tipula_oleracea ,Marsh crane fly ,Species ,2
Lepidoptera,Noctua_pronuba ,Large yellow underwing,Species ,1
Lepidoptera,Paradiarsia_glareosa ,Autumnal rustic ,Species ,1
Lepidoptera,Xestia_agathina ,Heath rustic ,Species ,1
Lepidoptera,Blastobasis_lacticolella,Large pale masoner ,Species ,1
Lepidoptera,Stilbia_anomala,The anomalous,Species ,1
